2026-09-29 22:25:33	PASS	login_flow	88s	exit=0
2026-09-29 22:26:58	PASS	login_fail_flow	85s	exit=0
2026-09-29 22:28:54	PASS	register_flow	115s	exit=0
2026-09-29 22:30:35	PASS	navigation_flow	100s	exit=0
2026-09-29 22:32:11	PASS	training_hub_flow	95s	exit=0
2026-09-29 22:33:49	PASS	profile_flow	98s	exit=0
2026-09-29 22:35:16	FAIL	cs_center_flow	87s	exit=1
2026-09-29 22:36:43	PASS	reports_flow	87s	exit=0
2026-09-29 22:38:14	PASS	voice_assessment_flow	91s	exit=0
2026-09-29 22:39:34	PASS	guardian_link_flow	79s	exit=0
2026-09-29 22:40:50	PASS	home_detail_flow	76s	exit=0
2026-09-29 22:42:07	PASS	ai_chat_flow	76s	exit=0
2026-09-29 22:43:17	PASS	memory_garden_flow	69s	exit=0
2026-09-29 22:45:00	PASS	training_game_flow	103s	exit=0
2026-09-29 22:46:02	PASS	edit_profile_flow	60s	exit=0
2026-09-29 22:47:00	PASS	clinical_report_flow	58s	exit=0
2026-09-29 22:48:42	PASS	training_progression_flow	102s	exit=0
2026-09-29 22:52:06	PASS	training_persistence_flow	203s	exit=0
2026-09-29 22:53:41	PASS	training_accessibility_flow	95s	exit=0
2026-09-29 22:54:59	PASS	dementia_center_flow	77s	exit=0
2026-09-29 22:56:57	PASS	opening_flow	118s	exit=0
